{"HADOOP": {"count": 920, "time": 0.06524276733398438}, "SPARK": {"count": 920, "time": 0.01125192642211914}, "KAFKA": {"count": 920, "time": 0.018169879913330078}}