{"HADOOP": {"count": 919, "time": 0.01750946044921875}, "SPARK": {"count": 919, "time": 0.014594793319702148}, "KAFKA": {"count": 919, "time": 0.01599884033203125}}