{"HADOOP": {"count": 920, "time": 0.0654139518737793}, "SPARK": {"count": 920, "time": 0.03925299644470215}, "KAFKA": {"count": 920, "time": 0.04442644119262695}}